clash-royale-main-menu	https://interfaceingame.com/screenshots/clash-royale-main-menu//	https://interfaceingame.com/wp-content/uploads/clash-royale/clash-royale-main-menu.png	Main menu - Clash Royale | Interface In Game
clash-royale-menu	https://interfaceingame.com/screenshots/clash-royale-menu//	https://interfaceingame.com/wp-content/uploads/clash-royale/clash-royale-menu.png	Menu - Clash Royale | Interface In Game
brawl-stars-main-menu	https://interfaceingame.com/screenshots/brawl-stars-main-menu//	https://interfaceingame.com/wp-content/uploads/brawl-stars/brawl-stars-main-menu.png	Main menu - Brawl Stars | Interface In Game
brawl-stars-lobby	https://interfaceingame.com/screenshots/brawl-stars-lobby//	https://interfaceingame.com/wp-content/uploads/brawl-stars/brawl-stars-lobby.png	Lobby - Brawl Stars | Interface In Game
league-of-legends-wild-rift-main-menu	https://interfaceingame.com/screenshots/league-of-legends-wild-rift-main-menu//	https://interfaceingame.com/wp-content/uploads/league-of-legends-wild-rift/league-of-legends-wild-rift-main-menu.png	Main menu - League of Legends: Wild Rift | Interface In Game
call-of-duty-mobile-main-menu	https://interfaceingame.com/screenshots/call-of-duty-mobile-main-menu//	https://interfaceingame.com/wp-content/uploads/call-of-duty-mobile/call-of-duty-mobile-main-menu.jpg	Main menu - Call of Duty: Mobile | Interface In Game
call-of-duty-mobile-lobby	https://interfaceingame.com/screenshots/call-of-duty-mobile-lobby//	https://interfaceingame.com/wp-content/uploads/call-of-duty-mobile/call-of-duty-mobile-lobby.jpg	Lobby - Call of Duty: Mobile | Interface In Game
dota-underlords-main-menu	https://interfaceingame.com/screenshots/dota-underlords-main-menu//	https://interfaceingame.com/wp-content/uploads/dota-underlords/dota-underlords-main-menu.jpg	Main menu - Dota Underlords | Interface In Game
fall-guys-ultimate-knockout-lobby	https://interfaceingame.com/screenshots/fall-guys-ultimate-knockout-lobby//	https://interfaceingame.com/wp-content/uploads/fall-guys-ultimate-knockout/fall-guys-ultimate-knockout-lobby.png	Lobby - Fall Guys: Ultimate Knockout | Interface In Game
fortnite-lobby	https://interfaceingame.com/screenshots/fortnite-lobby//	https://interfaceingame.com/wp-content/uploads/fortnite/fortnite-lobby.png	Lobby - Fortnite | Interface In Game
valorant-lobby	https://interfaceingame.com/screenshots/valorant-lobby//	https://interfaceingame.com/wp-content/uploads/valorant/valorant-lobby.png	Lobby - Valorant | Interface In Game
